{"cameraMode":{"drawMode":0,"name":"Shaded","section":"Shading Mode"},"sceneLighting":false,"audioPlay":false,"sceneViewState":{"showFog":true,"showMaterialUpdate":false,"showSkybox":true,"showFlares":true,"showImageEffects":true,"showParticleSystems":true},"in2DMode":false,"pivot":{"x":790.4434204101563,"y":427.19921875,"z":-279.635498046875},"rotation":{"x":-0.27476823329925539,"y":0.01652367413043976,"z":-0.004724358674138784,"w":-0.9613568782806397},"size":619.892578125,"orthographic":false}