{"cameraMode":{"drawMode":0,"name":"Shaded","section":"Shading Mode"},"sceneLighting":false,"audioPlay":false,"sceneViewState":{"showFog":true,"showMaterialUpdate":false,"showSkybox":true,"showFlares":true,"showImageEffects":true,"showParticleSystems":true},"in2DMode":false,"pivot":{"x":72.45343780517578,"y":5.9839982986450199,"z":-4.345203399658203},"rotation":{"x":0.33000054955482485,"y":0.008786913007497788,"z":-0.003072791500017047,"w":0.9439348578453064},"size":22.034610748291017,"orthographic":false}