{"cameraMode":{"drawMode":0,"name":"Shaded","section":"Shading Mode"},"sceneLighting":false,"audioPlay":false,"sceneViewState":{"showFog":true,"showMaterialUpdate":false,"showSkybox":true,"showFlares":true,"showImageEffects":true,"showParticleSystems":true},"in2DMode":false,"pivot":{"x":7.130487442016602,"y":-17.693607330322267,"z":2.8149313926696779},"rotation":{"x":0.09895805269479752,"y":-0.8961055278778076,"z":0.2522710859775543,"w":0.3515132963657379},"size":4.278756618499756,"orthographic":false}